Title,Artist,Album,ReleaseDate,ID,Key,BPM,Acousticness,Popularity,Danceability,Instrumentalness,Energy,Speechiness,Loudness,Cover
"God's Plan","[""Drake""]","Scorpion",2018-06-29,6DCZcSspjsKoFjzjrWoCdn,G Major,77,0.0332,78,0.754,0.0000829,0.449,0.109,-9.211,"https://i.scdn.co/image/ab67616d0000b273f907de96b9a4fbc04accc0d5"
"NOKIA","[""Drake""]","$ome $exy $ongs 4 U",2025-02-14,2u9S9JJ6hTZS3Vf22HOZKg,F Major,106,0.247,81,0.537,0,0.727,0.15,-4.184,"https://i.scdn.co/image/ab67616d0000b273fcb7f84280bc41e3c4c873ac"
"GIMME A HUG","[""Drake""]","$ome $exy $ongs 4 U",2025-02-14,5Nz7hI3cCOHmMR4vSLJ1An,C# Major,143,0.0643,79,0.457,0,0.671,0.0979,-5.53,"https://i.scdn.co/image/ab67616d0000b273fcb7f84280bc41e3c4c873ac"
"DIE TRYING","[""PARTYNEXTDOOR"",""Drake"",""Yebba""]","$ome $exy $ongs 4 U",2025-02-14,0NUqi0ps17YpLUC3kgsZq0,B Major,110,0.146,80,0.763,0,0.531,0.0328,-6.154,"https://i.scdn.co/image/ab67616d0000b273fcb7f84280bc41e3c4c873ac"
"MEET YOUR PADRE","[""PARTYNEXTDOOR"",""Drake"",""Chino Pacas""]","$ome $exy $ongs 4 U",2025-02-14,0o5p5zzRN84q6qVbOVONPM,B Minor,128,0.667,74,0.71,0.0000222,0.596,0.0524,-8.555,"https://i.scdn.co/image/ab67616d0000b273fcb7f84280bc41e3c4c873ac"
"In My Feelings","[""Drake""]","Scorpion",2018-06-29,2G7V7zsVDxg1yRsu7Ew9RJ,C# Major,91,0.0589,69,0.835,0.00006,0.626,0.125,-5.833,"https://i.scdn.co/image/ab67616d0000b273f907de96b9a4fbc04accc0d5"
"WAIT FOR U (feat. Drake & Tems)","[""Future"",""Drake"",""Tems""]","I NEVER LIKED YOU",2022-04-29,59nOXPmaKlBfGMDeOVGrIK,C# Major,83,0.314,79,0.463,0,0.642,0.34,-4.474,"https://i.scdn.co/image/ab67616d0000b27386badd635b69aea887862214"
"One Dance","[""Drake"",""Wizkid"",""Kyla""]","Views",2016-05-06,1zi7xx7UVEFkmKfv06H8x0,C# Major,104,0.00776,81,0.792,0.0018,0.625,0.0536,-5.609,"https://i.scdn.co/image/ab67616d0000b2739416ed64daf84936d89e671c"
"CN TOWER","[""PARTYNEXTDOOR"",""Drake""]","$ome $exy $ongs 4 U",2025-02-14,4u43I0LP2Xf85OAS85eG0R,E♭ Minor,127,0.318,79,0.672,0,0.412,0.194,-7.057,"https://i.scdn.co/image/ab67616d0000b273fcb7f84280bc41e3c4c873ac"
"Trust Issues","[""Drake""]","Care Package",2019-08-02,4Wjhj0WjkyECccfHVIgaTq,B Minor,89,0.779,74,0.421,0,0.539,0.274,-5.456,"https://i.scdn.co/image/ab67616d0000b2739c1e02d4becb7c5bbca01e2a"
"She Will","[""Lil Wayne"",""Drake""]","Tha Carter IV (Complete Edition)",2011-08-29,0b4M7hd7mzLTm99MrMeZsp,A♭ Major,100,0.000402,75,0.364,0,0.841,0.119,-4.831,"https://i.scdn.co/image/ab67616d0000b273e80b258c7e0b318202870953"
"Toosie Slide","[""Drake""]","Toosie Slide",2020-04-03,127QTOFJsJQp5LbJbu3A1y,C# Minor,82,0.321,65,0.834,0.00000615,0.454,0.201,-9.75,"https://i.scdn.co/image/ab67616d0000b2736443676b54522a86f6323e65"
"Love Me","[""Lil Wayne"",""Drake"",""Future""]","I Am Not A Human Being II (Deluxe)",2013-01-01,2XHzzp1j4IfTNp1FTn7YFg,B Major,125,0.0124,80,0.67,0,0.634,0.0326,-6.471,"https://i.scdn.co/image/ab67616d0000b27380c64a084164867806ea617a"
"Hotline Bling","[""Drake""]","Views",2016-05-06,0wwPcA6wtMf6HUMpIRdeP7,D Major,135,0.00258,73,0.891,0.00019,0.628,0.0551,-7.863,"https://i.scdn.co/image/ab67616d0000b2739416ed64daf84936d89e671c"
"Headlines","[""Drake""]","Take Care (Deluxe)",2011-11-15,6LxSe8YmdPxy095Ux6znaQ,F# Minor,152,0.365,77,0.636,0.000353,0.566,0.106,-7.16,"https://i.scdn.co/image/ab67616d0000b273c7ea04a9b455e3f68ef82550"
"Girls Want Girls (with Lil Baby)","[""Drake"",""Lil Baby""]","Certified Lover Boy",2021-09-03,37Nqx7iavZpotJSDXZWbJ3,G Minor,87,0.181,71,0.767,0,0.438,0.29,-8.726,"https://i.scdn.co/image/ab67616d0000b273cd945b4e3de57edd28481a3f"
"SOMETHING ABOUT YOU","[""PARTYNEXTDOOR"",""Drake""]","$ome $exy $ongs 4 U",2025-02-14,1F6nHHDJyTHLgDDFj1ZZDt,G Minor,136,0.24,77,0.51,0.0000273,0.491,0.1,-8.869,"https://i.scdn.co/image/ab67616d0000b273fcb7f84280bc41e3c4c873ac"
"Fancy","[""Drake"",""T.I."",""Swizz Beatz""]","Thank Me Later",2010-01-01,3fpTMuD1u3gJlVI4FadVHs,C Minor,87,0.332,69,0.53,0.00000198,0.884,0.457,-5.581,"https://i.scdn.co/image/ab67616d0000b27311b21e8b868800918d21bb77"
"MOTH BALLS","[""PARTYNEXTDOOR"",""Drake""]","$ome $exy $ongs 4 U",2025-02-14,7DL2F2bueQycqYjqsjHYjG,C# Major,96,0.391,76,0.513,0,0.461,0.182,-7.951,"https://i.scdn.co/image/ab67616d0000b273fcb7f84280bc41e3c4c873ac"
"Nonstop","[""Drake""]","Scorpion",2018-06-29,0TlLq3lA83rQOYtrqBqSct,G Major,155,0.0165,72,0.912,0.0126,0.412,0.123,-8.074,"https://i.scdn.co/image/ab67616d0000b273f907de96b9a4fbc04accc0d5"
"Passionfruit","[""Drake""]","More Life",2017-03-18,5mCPDVBb16L4XQwDdbRUpz,B Major,112,0.256,78,0.809,0.085,0.463,0.0396,-11.377,"https://i.scdn.co/image/ab67616d0000b2734f0fd9dad63977146e685700"
"Marvins Room","[""Drake""]","Take Care (Deluxe)",2011-11-15,047fCsbO4NdmwCBn8pcUXl,A Minor,112,0.646,71,0.492,0.00178,0.26,0.0921,-17.341,"https://i.scdn.co/image/ab67616d0000b273c7ea04a9b455e3f68ef82550"
"God's Plan","[""Drake""]","Scorpion",2018-06-29,5t9KtCfnu8wQui1G6IqqBR,G Major,77,0.0322,52,0.758,0.0000829,0.452,0.11,-9.21,"https://i.scdn.co/image/ab67616d0000b273c185e37be2a06b5c6f2dc704"
"SOMEBODY LOVES ME","[""PARTYNEXTDOOR"",""Drake""]","$ome $exy $ongs 4 U",2025-02-14,2kZoOj1n5vk9BuF0sih58M,A Major,77,0.514,76,0.365,0,0.511,0.0905,-6.14,"https://i.scdn.co/image/ab67616d0000b273fcb7f84280bc41e3c4c873ac"
"F**kin' Problems (feat. Drake, 2 Chainz & Kendrick Lamar)","[""A$AP Rocky"",""Drake"",""2 Chainz"",""Kendrick Lamar""]","LONG.LIVE.A$AP (Deluxe Version)",2013,4X5f3vT8MRuXF68pfjNte5,C# Major,96,0.0239,74,0.853,0,0.693,0.275,-6.87,"https://i.scdn.co/image/ab67616d0000b2732ae92030b51fb8135d694af9"
"Started From the Bottom","[""Drake""]","Nothing Was The Same",2013-01-01,5DI9jxTHrEiFAhStG7VA8E,A♭ Major,86,0.0319,59,0.793,0,0.524,0.156,-7.827,"https://i.scdn.co/image/ab67616d0000b273a90d170c61fb7d063d47161d"
"Poetic Justice","[""Kendrick Lamar"",""Drake""]","good kid, m.A.A.d city (Deluxe)",2012,2P3SLxeQHPqh8qKB6gtJY2,F# Minor,136,0.158,71,0.778,0,0.569,0.378,-9.985,"https://i.scdn.co/image/ab67616d0000b273d58e537cea05c2156792c53d"
"Family Matters","[""Drake""]","Family Matters",2024-05-03,1wFFFzJ5EsKbBWZriAcubN,C# Major,164,0.0047,69,0.527,0,0.492,0.279,-9.774,"https://i.scdn.co/image/ab67616d0000b273a0ac23f4b446a7264e67bf0e"
"SMALL TOWN FAME","[""Drake""]","$ome $exy $ongs 4 U",2025-02-14,1YHQQFtKqFSFrqL4cNvstU,C# Minor,100,0.443,75,0.842,0.00000974,0.524,0.305,-6.031,"https://i.scdn.co/image/ab67616d0000b273fcb7f84280bc41e3c4c873ac"
"SPIDER-MAN SUPERMAN","[""PARTYNEXTDOOR"",""Drake""]","$ome $exy $ongs 4 U",2025-02-14,4GqhG9rDuRUoNyDSMJ0Brq,B Major,111,0.658,75,0.453,0.00000424,0.52,0.0637,-9.146,"https://i.scdn.co/image/ab67616d0000b273fcb7f84280bc41e3c4c873ac"
"Practice","[""Drake""]","Take Care (Deluxe)",2011-11-15,0jF2AdhsalO1L7KkhK4LE5,C# Major,105,0.574,72,0.446,0.0000776,0.239,0.0876,-15.327,"https://i.scdn.co/image/ab67616d0000b273c7ea04a9b455e3f68ef82550"
"CRYING IN CHANEL","[""Drake""]","$ome $exy $ongs 4 U",2025-02-14,5aIEFCKhVUM5sKkwOSdFiM,D Major,113,0.224,75,0.6,0.000159,0.411,0.0719,-9.139,"https://i.scdn.co/image/ab67616d0000b273fcb7f84280bc41e3c4c873ac"
"Teenage Fever","[""Drake""]","More Life",2017-03-18,6n3HGiq4v35D6eFOSwqYuo,A♭ Minor,97,0.111,76,0.766,0.0172,0.283,0.0846,-10.33,"https://i.scdn.co/image/ab67616d0000b2734f0fd9dad63977146e685700"
"RAINING IN HOUSTON","[""Drake""]","$ome $exy $ongs 4 U",2025-02-14,2xxb5zW09uwbgyLprALi9E,G Minor,119,0.788,74,0.465,0,0.534,0.0546,-6.316,"https://i.scdn.co/image/ab67616d0000b273fcb7f84280bc41e3c4c873ac"
"Rich Flex","[""Drake"",""21 Savage""]","Her Loss",2022-11-04,1bDbXMyjaUIooNwFE9wn0N,E Minor,160,0.0517,72,0.549,0.00000121,0.518,0.257,-9.39,"https://i.scdn.co/image/ab67616d0000b27302854a7060fccc1a66a4b5ad"
"P power (feat. Drake)","[""Gunna"",""Drake""]","DS4EVER",2022-01-13,0lEjxUUlKqjqXrVlIHFduD,C# Major,119,0.0199,72,0.828,0.000323,0.591,0.109,-6.217,"https://i.scdn.co/image/ab67616d0000b27314d91ebdd6d7e2931322cc1a"
"Drake Drake Go Away","[""Rizz Records""]","Brain Rot Nursery Rhymes by Rizz Records",2024-07-08,10qz0sPLlmZUTHGBtwCHZY,D Major,80,0.0661,30,0.846,0,0.479,0.0574,-9.405,"https://i.scdn.co/image/ab67616d0000b273cd9e308153b92802776a1ff6"
"BRIAN STEEL","[""Drake""]","$ome $exy $ongs 4 U",2025-02-14,3FHO87BSOEVAsedSnCTnvz,E Minor,147,0.0971,74,0.761,0.000118,0.557,0.171,-7.98,"https://i.scdn.co/image/ab67616d0000b273fcb7f84280bc41e3c4c873ac"
"Best I Ever Had","[""Drake""]","So Far Gone",2009,3QLjDkgLh9AOEHlhQtDuhs,C# Major,162,0.19,72,0.395,0,0.922,0.375,-2.176,"https://i.scdn.co/image/ab67616d0000b27354ef13c30a024a7f1ba79efd"
"PIMMIE'S DILEMMA","[""Pimmie"",""PARTYNEXTDOOR"",""Drake""]","$ome $exy $ongs 4 U",2025-02-14,3CY3zAjrxKVInh2Lq1QiRb,B Major,130,0.944,75,0.73,0.000895,0.223,0.0462,-8.423,"https://i.scdn.co/image/ab67616d0000b273fcb7f84280bc41e3c4c873ac"
"Do Not Disturb","[""Drake""]","More Life",2017-03-18,2KvHC9z14GSl4YpkNMX384,G Minor,171,0.246,71,0.618,0,0.693,0.45,-5.943,"https://i.scdn.co/image/ab67616d0000b2734f0fd9dad63977146e685700"
"Recognize (feat. Drake)","[""PARTYNEXTDOOR"",""Drake""]","PARTYNEXTDOOR TWO",2014-07-29,1DMYEiuAgz1OKvANXiNFrN,D Major,120,0.0102,70,0.644,0,0.541,0.0426,-5.801,"https://i.scdn.co/image/ab67616d0000b2736cfa297b0178fd91dca5c4f1"
"IDGAF (feat. Yeat)","[""Drake"",""Yeat""]","For All The Dogs",2023-10-06,2YSzYUF3jWqb9YP9VXmpjE,A♭ Major,137,0.0466,72,0.673,0.000284,0.672,0.224,-8.577,"https://i.scdn.co/image/ab67616d0000b2737d384516b23347e92a587ed1"
"Jimmy Cooks (feat. 21 Savage)","[""Drake"",""21 Savage""]","Honestly, Nevermind",2022-06-17,3F5CgOj3wFlRv51JsHbxhe,C Major,166,0.000307,76,0.529,0.00000241,0.673,0.175,-4.711,"https://i.scdn.co/image/ab67616d0000b2738dc0d801766a5aa6a33cbe37"
"No Face","[""Drake""]","No Face",2024-08-31,1560osUcXrnov6yuOjXvc1,B♭ Major,126,0.0771,74,0.853,0,0.69,0.0647,-5.858,"https://i.scdn.co/image/ab67616d0000b273cf05fc616cf7e38c0e52b888"
"9","[""Drake""]","Views",2016-05-06,1C7KSXR2GVxknex6I4ANco,B♭ Major,100,0.000803,73,0.68,0.000612,0.712,0.0453,-7.184,"https://i.scdn.co/image/ab67616d0000b2739416ed64daf84936d89e671c"
"Rich Baby Daddy (feat. Sexyy Red & SZA)","[""Drake"",""Sexyy Red"",""SZA""]","For All The Dogs",2023-10-06,1yeB8MUNeLo9Ek1UEpsyz6,D Major,146,0.0458,75,0.636,0,0.729,0.055,-4.495,"https://i.scdn.co/image/ab67616d0000b2737d384516b23347e92a587ed1"
"Fair Trade (with Travis Scott)","[""Drake"",""Travis Scott""]","Certified Lover Boy",2021-09-03,40iJIUlhi6renaREYGeIDS,C# Major,168,0.0503,75,0.666,0,0.465,0.26,-8.545,"https://i.scdn.co/image/ab67616d0000b273cd945b4e3de57edd28481a3f"
"Going Bad (feat. Drake)","[""Meek Mill"",""Drake""]","Championships",2018-11-30,2IRZnDFmlqMuOrYOLnZZyc,E Minor,86,0.259,71,0.889,0,0.496,0.0905,-6.365,"https://i.scdn.co/image/ab67616d0000b273cd63c5962050729d260077d6"
"Search & Rescue","[""Drake""]","Search & Rescue",2023-04-07,7aRCf5cLOFN1U7kvtChY1G,B♭ Minor,140,0.0757,68,0.828,0.00000868,0.441,0.0685,-8.562,"https://i.scdn.co/image/ab67616d0000b273cace8a4b2ff924c9e12e3a96"
"Not Like Us","[""Kendrick Lamar""]","Not Like Us",2024-05-04,6AI3ezQ4o3HUoP6Dhudph3,C# Major,101,0.0107,92,0.898,0,0.472,0.0776,-7.001,"https://i.scdn.co/image/ab67616d0000b2731ea0c62b2339cbf493a999ad"
"tv off (feat. lefty gunplay)","[""Kendrick Lamar"",""Lefty Gunplay""]","GNX",2024-11-22,0aB0v4027ukVziUGwVGYpG,F# Minor,100,0.0837,90,0.855,0,0.529,0.263,-6.679,"https://i.scdn.co/image/ab67616d0000b273d9985092cd88bffd97653b58"
"Not Like Us","[""Kendrick Lamar""]","Not Like Us",2024-05-03,6ZWalyzfVcNCc1XwKnnyyn,C# Major,101,0.00943,62,0.899,0,0.448,0.0753,-7.186,"https://i.scdn.co/image/ab67616d0000b273d3d6ac1e820b498cf6750aa5"
"squabble up","[""Kendrick Lamar""]","GNX",2024-11-22,0nj9Bq5sHDiTxSHunhgkFb,C Major,104,0.0206,87,0.874,0,0.672,0.198,-5.568,"https://i.scdn.co/image/ab67616d0000b273d9985092cd88bffd97653b58"
"30 For 30 (with Kendrick Lamar)","[""SZA"",""Kendrick Lamar""]","SOS Deluxe: LANA",2024-12-20,3aSWXU6owkZeVhh94XxEWO,C# Minor,140,0.758,85,0.714,0.000112,0.415,0.0634,-10.338,"https://i.scdn.co/image/ab67616d0000b2737f5a318e3ff35defa8d0e4af"
"luther (with sza)","[""Kendrick Lamar"",""SZA""]","GNX",2024-11-21,2CGNAOSuO1MEFCbBRgUzjd,D Major,138,0.251,89,0.707,0,0.575,0.125,-7.546,"https://i.scdn.co/image/ab67616d0000b27309d6ed214f03fbb663e46531"
"hey now (feat. dody6)","[""Kendrick Lamar"",""Dody6""]","GNX",2024-11-22,5S8VwnB4sLi6W0lYTWYylu,B♭ Major,102,0.00443,80,0.806,0.00162,0.358,0.117,-8.769,"https://i.scdn.co/image/ab67616d0000b273d9985092cd88bffd97653b58"
"luther (with sza)","[""Kendrick Lamar"",""SZA""]","GNX",2024-11-22,45J4avUb9Ni0bnETYaYFVJ,D Major,138,0.251,88,0.707,0,0.575,0.125,-7.546,"https://i.scdn.co/image/ab67616d0000b273d9985092cd88bffd97653b58"
"Like That","[""Future"",""Metro Boomin"",""Kendrick Lamar""]","WE DON'T TRUST YOU",2024-03-22,2tudvzsrR56uom6smgOcSf,B Minor,162,0.00709,82,0.814,0.0000128,0.676,0.231,-4.67,"https://i.scdn.co/image/ab67616d0000b273a46b07c291e6dfdee13b3ee8"
"peekaboo (feat. azchike)","[""Kendrick Lamar"",""Az Chike""]","GNX",2024-11-22,2Uts1QFB4u2YNIMiqcb4de,C# Major,100,0.00306,84,0.889,0.0000126,0.298,0.182,-9.086,"https://i.scdn.co/image/ab67616d0000b273d9985092cd88bffd97653b58"
"All The Stars (with SZA)","[""Kendrick Lamar"",""SZA""]","Black Panther The Album Music From And Inspired By",2018-02-09,3GCdLUSnKSMJhs4Tj6CV3s,A♭ Major,97,0.0612,90,0.695,0.000195,0.633,0.0599,-4.946,"https://i.scdn.co/image/ab67616d0000b273c027ad28821777b00dcaa888"
"HUMBLE.","[""Kendrick Lamar""]","DAMN.",2017-04-14,7KXjTSCq5nL1LoYtL7XAwS,C# Minor,150,0.000282,84,0.908,0.0000539,0.621,0.102,-6.638,"https://i.scdn.co/image/ab67616d0000b2738b52c6b9bc4e43d873869699"
"HUMBLE.","[""Kendrick Lamar""]","DAMN.",2017-04-13,131OLY5J8XyfGuSjXRiTRM,C# Minor,150,0.000253,57,0.911,0.0000753,0.566,0.135,-6.703,"https://i.scdn.co/image/ab67616d0000b2732171b967bef683ab0eaf12e9"
"heart pt. 6","[""Kendrick Lamar""]","GNX",2024-11-22,1SGvjfc85yzqKXsfKcCxn2,A Major,81,0.27,77,0.704,0,0.647,0.325,-7.664,"https://i.scdn.co/image/ab67616d0000b273d9985092cd88bffd97653b58"
"Super Bowl LIX Halftime Show - Live","[""Kendrick Lamar"",""NFL""]","Super Bowl LIX Halftime Show (Live)",2025-02-09,6g6W3pMAFbp2FS1QCijkpM,D Major,100,0.116,69,0.562,0.00000164,0.365,0.441,-17.883,"https://i.scdn.co/image/ab67616d0000b2736131172270fb19a60b06015c"
"squabble up","[""Kendrick Lamar""]","GNX",2024-11-21,4kGlAkGC58crFvxfegBhNs,C Major,104,0.0275,58,0.878,0,0.683,0.192,-5.562,"https://i.scdn.co/image/ab67616d0000b27309d6ed214f03fbb663e46531"
"Money Trees","[""Kendrick Lamar"",""Jay Rock""]","good kid, m.A.A.d city",2012,2HbKqm4o0w5wEeEFXm2sD4,G Major,72,0.0703,78,0.716,0,0.531,0.122,-7.355,"https://i.scdn.co/image/ab67616d0000b273d28d2ebdedb220e479743797"
"wacced out murals","[""Kendrick Lamar""]","GNX",2024-11-22,5gOfC9UzZQzTyShqPMrpjT,A Minor,82,0.249,77,0.761,0,0.501,0.459,-10.759,"https://i.scdn.co/image/ab67616d0000b273d9985092cd88bffd97653b58"
"peekaboo (feat. azchike)","[""Kendrick Lamar"",""Az Chike""]","GNX",2024-11-21,10tTkKxYPgeYkuMwGnqRND,C# Major,100,0.00345,55,0.896,0.0000164,0.29,0.146,-9.071,"https://i.scdn.co/image/ab67616d0000b27309d6ed214f03fbb663e46531"
"man at the garden","[""Kendrick Lamar""]","GNX",2024-11-22,5ho7VSXSmI2KM2nDjcnLyz,G Minor,92,0.51,75,0.817,0.000119,0.348,0.29,-10.213,"https://i.scdn.co/image/ab67616d0000b273d9985092cd88bffd97653b58"
"tv off (feat. lefty gunplay)","[""Kendrick Lamar"",""Lefty Gunplay""]","GNX",2024-11-21,75bsrBtmM57lhi55yOfzBL,D Major,200,0.0696,62,0.63,0,0.468,0.542,-6.823,"https://i.scdn.co/image/ab67616d0000b27309d6ed214f03fbb663e46531"
"family ties (with Kendrick Lamar)","[""Baby Keem"",""Kendrick Lamar""]","The Melodic Blue",2021-09-10,3QFInJAm9eyaho5vBzxInN,C# Major,134,0.00588,78,0.711,0,0.611,0.33,-5.453,"https://i.scdn.co/image/ab67616d0000b2731bfa23b13d0504fb90c37b39"
"meet the grahams","[""Kendrick Lamar""]","meet the grahams",2024-05-03,4S8PxReB1UiDR2F5x1lyIR,F Major,75,0.55,72,0.479,0.00045,0.802,0.309,-6.252,"https://i.scdn.co/image/ab67616d0000b273ba8b74f6b8523c328be1bdd2"
"gloria (with sza)","[""Kendrick Lamar"",""SZA""]","GNX",2024-11-22,0wgOhYnqZKjOHr6bmdz0aN,D Minor,140,0.22,76,0.719,0,0.555,0.27,-9.785,"https://i.scdn.co/image/ab67616d0000b273d9985092cd88bffd97653b58"
"LOVE. FEAT. ZACARI.","[""Kendrick Lamar"",""Zacari""]","DAMN.",2017-04-14,6PGoSes0D9eUDeeAafB2As,B♭ Major,126,0.264,80,0.8,0,0.585,0.0924,-7.343,"https://i.scdn.co/image/ab67616d0000b2738b52c6b9bc4e43d873869699"
"gnx (feat. hitta j3, youngthreat, peysoh)","[""Kendrick Lamar"",""Hitta J3"",""YoungThreat"",""Peysoh""]","GNX",2024-11-22,3aZptNYC6Z1YoumeqZcDcQ,C# Major,180,0.134,73,0.75,0,0.556,0.436,-7.275,"https://i.scdn.co/image/ab67616d0000b273d9985092cd88bffd97653b58"
"Bitch, Don't Kill My Vibe","[""Kendrick Lamar""]","good kid, m.A.A.d city (Deluxe)",2012,712uvW1Vezq8WpQi38v2L9,C# Major,134,0.0151,63,0.586,0,0.698,0.0943,-8.948,"https://i.scdn.co/image/ab67616d0000b273d58e537cea05c2156792c53d"
"Alright","[""Kendrick Lamar""]","To Pimp A Butterfly",2015-03-16,3iVcZ5G6tvkXZkZKlMpIUs,G Major,110,0.0742,79,0.796,0,0.766,0.238,-5.974,"https://i.scdn.co/image/ab67616d0000b273cdb645498cd3d8a2db4d05e1"
"King Kunta","[""Kendrick Lamar""]","To Pimp A Butterfly",2015-03-16,0N3W5peJUQtI4eyR6GJT5O,F# Minor,107,0.00589,73,0.884,0,0.657,0.0977,-4.569,"https://i.scdn.co/image/ab67616d0000b273cdb645498cd3d8a2db4d05e1"
"DNA.","[""Kendrick Lamar""]","DAMN.",2017-04-14,6HZILIRieu8S0iqY8kIKhj,C# Major,140,0.00454,78,0.638,0,0.523,0.357,-6.664,"https://i.scdn.co/image/ab67616d0000b2738b52c6b9bc4e43d873869699"
"PRIDE.","[""Kendrick Lamar""]","DAMN.",2017-04-14,6IZvVAP7VPPnsGX6bvgkqg,E Minor,139,0.0786,81,0.665,0.0000168,0.535,0.0572,-7.056,"https://i.scdn.co/image/ab67616d0000b2738b52c6b9bc4e43d873869699"
"YAH.","[""Kendrick Lamar""]","DAMN.",2017-04-14,4BHSjbYylfOH5WAGusDyni,C# Major,70,0.576,64,0.67,0.00000534,0.7,0.196,-7.893,"https://i.scdn.co/image/ab67616d0000b2738b52c6b9bc4e43d873869699"
"DNA.","[""Kendrick Lamar""]","DAMN.",2017-04-13,1C1OBpwB6tRViTiWE2ZgNR,B♭ Minor,140,0.00436,48,0.64,0,0.497,0.355,-7.111,"https://i.scdn.co/image/ab67616d0000b2732171b967bef683ab0eaf12e9"
"dodger blue (feat. wallie the sensei, siete7x, roddy ricch)","[""Kendrick Lamar"",""Wallie the Sensei"",""Siete7x"",""Roddy Ricch""]","GNX",2024-11-22,4K1Pg0FLno1ltzX3jeqT83,F# Major,83,0.0552,78,0.796,0,0.536,0.109,-7.93,"https://i.scdn.co/image/ab67616d0000b273d9985092cd88bffd97653b58"
"reincarnated","[""Kendrick Lamar""]","GNX",2024-11-22,0RgjEkSbeuStKfT2Pa4Zai,G Major,91,0.0534,77,0.846,0,0.779,0.254,-5.363,"https://i.scdn.co/image/ab67616d0000b273d9985092cd88bffd97653b58"
"euphoria","[""Kendrick Lamar""]","euphoria",2024-04-30,77DRzu7ERs0TX3roZcre7Q,C# Major,140,0.046,78,0.831,0,0.643,0.11,-5.002,"https://i.scdn.co/image/ab67616d0000b2737587213b1be294ac4000f648"
"First Person Shooter (feat. J. Cole)","[""Drake"",""J. Cole""]","For All The Dogs",2023-10-06,7aqfrAY2p9BUSiupwk3svU,B Minor,164,0.0306,71,0.475,0,0.655,0.33,-7.342,"https://i.scdn.co/image/ab67616d0000b2737d384516b23347e92a587ed1"
"Family Matters","[""Drake""]","Family Matters",2024-05-03,1wFFFzJ5EsKbBWZriAcubN,C# Major,164,0.0047,69,0.527,0,0.492,0.279,-9.774,"https://i.scdn.co/image/ab67616d0000b273a0ac23f4b446a7264e67bf0e"
"Swimming Pools (Drank)","[""Kendrick Lamar""]","Swimming Pools (Drank)",2012-01-01,6REbwUNlppTfcnV4d4ZoZi,A♭ Major,74,0.00625,77,0.693,0.000234,0.445,0.257,-5.892,"https://i.scdn.co/image/ab67616d0000b273b5ef185d28724c5573c2ac9c"
"untitled 08 | 09.06.2014.","[""Kendrick Lamar""]","untitled unmastered.",2016-03-04,5bBUDJUfGcG7eFy3Bf4fXv,B Minor,120,0.25,65,0.85,0.00000246,0.524,0.204,-9.375,"https://i.scdn.co/image/ab67616d0000b2738c697f553a46006a5d8886b2"
"F**kin' Problems (feat. Drake, 2 Chainz & Kendrick Lamar)","[""A$AP Rocky"",""Drake"",""2 Chainz"",""Kendrick Lamar""]","LONG.LIVE.A$AP (Deluxe Version)",2013,4X5f3vT8MRuXF68pfjNte5,C# Major,96,0.0239,74,0.853,0,0.693,0.275,-6.87,"https://i.scdn.co/image/ab67616d0000b2732ae92030b51fb8135d694af9"
"Bad Blood (feat. Kendrick Lamar) (Taylor's Version)","[""Taylor Swift"",""Kendrick Lamar""]","1989 (Taylor's Version) [Deluxe]",2023-10-27,6qAcApH8obo8eqatCKUHd9,D Major,170,0.0143,68,0.604,0,0.644,0.0889,-6.931,"https://i.scdn.co/image/ab67616d0000b273dc2bacae1dca83d26e2b1949"
"Poetic Justice","[""Kendrick Lamar"",""Drake""]","good kid, m.A.A.d city (Deluxe)",2012,2P3SLxeQHPqh8qKB6gtJY2,F# Minor,136,0.158,71,0.778,0,0.569,0.378,-9.985,"https://i.scdn.co/image/ab67616d0000b273d58e537cea05c2156792c53d"
"untitled 02 | 06.23.2014.","[""Kendrick Lamar""]","untitled unmastered.",2016-03-04,3I0FBDc1c1BLNtXWKVjmFg,F Major,89,0.341,61,0.667,0,0.508,0.451,-10.337,"https://i.scdn.co/image/ab67616d0000b2738c697f553a46006a5d8886b2"
"reincarnated","[""Kendrick Lamar""]","GNX",2024-11-21,1FuJwAXJv0WsPXcYMaAUs8,G Major,91,0.0605,48,0.845,0,0.78,0.258,-5.382,"https://i.scdn.co/image/ab67616d0000b27309d6ed214f03fbb663e46531"
"Push Ups","[""Drake""]","Push Ups",2024-04-19,3eh51r6rFWAlGQRlHx9QnQ,D Major,91,0.0153,70,0.598,0,0.696,0.112,-4.789,"https://i.scdn.co/image/ab67616d0000b27384bfd0d363f0179ac7c97fa5"
"Swimming Pools (Drank) - Extended Version","[""Kendrick Lamar""]","good kid, m.A.A.d city (Deluxe)",2012,5ujh1I7NZH5agbwf7Hp8Hc,F# Minor,74,0.123,65,0.669,0.0000268,0.485,0.417,-7.744,"https://i.scdn.co/image/ab67616d0000b273d58e537cea05c2156792c53d"
"Mirror","[""Kendrick Lamar""]","Mr. Morale & The Big Steppers",2022-05-13,5xoYormSTltk6F9SlQV6mm,D Major,92,0.225,61,0.652,0.000014,0.67,0.0639,-8.766,"https://i.scdn.co/image/ab67616d0000b2732e02117d76426a08ac7c174f"
"m.A.A.d city","[""Kendrick Lamar"",""MC Eiht""]","good kid, m.A.A.d city (Deluxe)",2012,2cDCojn6uIBM6A5xTAbl3H,D Major,91,0.0538,64,0.487,0.00000409,0.729,0.271,-6.815,"https://i.scdn.co/image/ab67616d0000b273d58e537cea05c2156792c53d"
"LOYALTY. FEAT. RIHANNA.","[""Kendrick Lamar"",""Rihanna""]","DAMN.",2017-04-14,6SwRhMLwNqEi6alNPVG00n,A Minor,111,0.0265,75,0.658,0,0.535,0.0573,-8.983,"https://i.scdn.co/image/ab67616d0000b2738b52c6b9bc4e43d873869699"
"Solo","[""Future""]","HNDRXX",2017-07-27,4lH6nENd1y81jp7Yt9lTBX,F Minor,111,0.0538,78,0.784,0.497,0.486,0.0475,-6.497,"https://i.scdn.co/image/ab67616d0000b2737567ec7d3c07783e4f2111e0"
"Like That","[""Future"",""Metro Boomin"",""Kendrick Lamar""]","WE DON'T TRUST YOU",2024-03-22,2tudvzsrR56uom6smgOcSf,B Minor,162,0.00709,82,0.814,0.0000128,0.676,0.231,-4.67,"https://i.scdn.co/image/ab67616d0000b273a46b07c291e6dfdee13b3ee8"
"Codeine Crazy","[""Future""]","Monster",2014-10-28,0joQFwiBKmi6X1Iq5R1ubH,F# Minor,126,0.168,66,0.745,0,0.617,0.144,-7.22,"https://i.scdn.co/image/ab67616d0000b273e2528d35865f3114cfe9a16e"
"Mask Off","[""Future""]","FUTURE",2017-06-30,0VgkVdmE4gld66l8iyGjgx,D Major,150,0.0102,78,0.833,0.0219,0.434,0.431,-8.795,"https://i.scdn.co/image/ab67616d0000b273e0b64c8be3c4e804abcb2696"
"Too Comfortable","[""Future""]","High Off Life",2020-05-15,0biVzpdI2z0vAxwfU9xuuA,E♭ Minor,130,0.0455,66,0.935,0,0.472,0.0575,-9.304,"https://i.scdn.co/image/ab67616d0000b273935d8d5369bc55e74a39303e"
"Throw Away","[""Future""]","Monster",2014-10-28,2ML7vSeIZEmOCOiLUmz7Sv,G Major,125,0.225,68,0.479,0,0.593,0.0613,-7.739,"https://i.scdn.co/image/ab67616d0000b273e2528d35865f3114cfe9a16e"
"PLUTOSKI","[""Future""]","MIXTAPE PLUTO",2024-09-20,2t4H61OtTYgmDe61KxkjKH,A Major,120,0.14,65,0.794,0.0000276,0.533,0.0591,-8.206,"https://i.scdn.co/image/ab67616d0000b27376c5a1960013e9203bcd6cd5"
"Low Life (feat. The Weeknd)","[""Future"",""The Weeknd""]","EVOL",2016-04-13,7EiZI6JVHllARrX9PUvAdX,A♭ Major,144,0.337,80,0.722,0.282,0.331,0.0726,-7.789,"https://i.scdn.co/image/ab67616d0000b273626745b3aa04899001a924ad"
"Love Me","[""Lil Wayne"",""Drake"",""Future""]","I Am Not A Human Being II (Deluxe)",2013-01-01,2XHzzp1j4IfTNp1FTn7YFg,B Major,125,0.0124,80,0.67,0,0.634,0.0326,-6.471,"https://i.scdn.co/image/ab67616d0000b27380c64a084164867806ea617a"
"Married To The Game","[""Future""]","Project E.T.",2016-10-13,4Kup1kDTLoJaUMgpGFPqau,C# Major,143,0.0799,63,0.827,0.00000197,0.544,0.05,-5.686,"https://i.scdn.co/image/ab67616d0000b2736c8ef06baca6e0eff747f1db"
"LIL DEMON","[""Future""]","MIXTAPE PLUTO",2024-09-20,3aCPResPDNae3pXTocGpYe,B Major,131,0.00125,72,0.863,0,0.754,0.0611,-5.851,"https://i.scdn.co/image/ab67616d0000b27376c5a1960013e9203bcd6cd5"
"Too Many Nights (feat. Don Toliver & with Future)","[""Metro Boomin"",""Future"",""Don Toliver""]","HEROES & VILLAINS",2022-12-02,2Hh3ETdQKrmSI3QS0hme7g,G Minor,88,0.189,79,0.573,0.0000401,0.668,0.0467,-4.356,"https://i.scdn.co/image/ab67616d0000b273c4fee55d7b51479627c31f89"
"56 Nights","[""Future""]","56 Nights",2015-03-21,2oGY1X7Xd5kyL6B9s19D9A,C# Major,123,0.107,58,0.847,0.000233,0.522,0.153,-6.461,"https://i.scdn.co/image/ab67616d0000b27354a5f3ff02e5b3c3e3bc75f3"
"GTA","[""Future"",""Metro Boomin""]","WE DON'T TRUST YOU",2024-03-22,4XF9fk0STp9hx8xn5Suwpz,A Major,126,0.00147,61,0.851,0.00251,0.647,0.171,-6.336,"https://i.scdn.co/image/ab67616d0000b273a46b07c291e6dfdee13b3ee8"
"Fuck Up Some Commas","[""Future""]","DS2 (Deluxe)",2015-07-17,49zD0wr2S3d0lZPib0K4e1,B Minor,140,0.0698,61,0.874,0.0000138,0.568,0.224,-5.896,"https://i.scdn.co/image/ab67616d0000b273b2592bea12d840fd096ef965"
"Type Shit","[""Future"",""Metro Boomin"",""Travis Scott"",""Playboi Carti""]","WE DON'T TRUST YOU",2024-03-22,28drn6tQo95MRvO0jQEo5C,D Major,145,0.0215,79,0.64,0,0.552,0.129,-5.679,"https://i.scdn.co/image/ab67616d0000b273a46b07c291e6dfdee13b3ee8"
"Turn On The Lights","[""Future""]","Pluto 3D",2012-11-27,4U8hMes3PqpsLJBeMXD71p,F# Minor,131,0.0409,55,0.596,0,0.574,0.212,-9.373,"https://i.scdn.co/image/ab67616d0000b273350a058cc9f52e641c1ef9cf"
"WAIT FOR U (feat. Drake & Tems)","[""Future"",""Drake"",""Tems""]","I NEVER LIKED YOU",2022-04-29,59nOXPmaKlBfGMDeOVGrIK,C# Major,83,0.314,79,0.463,0,0.642,0.34,-4.474,"https://i.scdn.co/image/ab67616d0000b27386badd635b69aea887862214"
"Perkys Calling","[""Future""]","Purple Reign",2016-01-17,05nB8pRwwbKA2fsKK1nOyE,A Major,156,0.0179,57,0.779,0,0.547,0.51,-7.869,"https://i.scdn.co/image/ab67616d0000b2738a66b2b14cd2bc612a7f38fa"
"Enjoy The Show (feat. Future)","[""The Weeknd"",""Future""]","Hurry Up Tomorrow",2025-01-31,637oNhilCI9UlkWkUW4Grt,B Major,120,0.178,77,0.628,0.000047,0.616,0.0526,-7.423,"https://i.scdn.co/image/ab67616d0000b2737e7f1d0bdb2bb5a2afc4fb25"
"Who","[""Future"",""Young Thug""]","Project E.T.",2016-10-13,0t756OdnRaa3VHdrbNU19x,A♭ Major,110,0.0969,46,0.846,0,0.635,0.22,-6.549,"https://i.scdn.co/image/ab67616d0000b2736c8ef06baca6e0eff747f1db"
"F&N","[""Future""]","Future Hndrxx Presents: The WIZRD",2019-01-18,5YP6yKgGGsXKukqxXypVAf,C# Major,161,0.01,50,0.728,0.0000653,0.628,0.191,-4.766,"https://i.scdn.co/image/ab67616d0000b273e111437ad4fd3f50c8461ec5"
"Superhero (Heroes & Villains) [with Future & Chris Brown]","[""Metro Boomin"",""Future"",""Chris Brown""]","HEROES & VILLAINS",2022-12-02,0vjeOZ3Ft5jvAi9SBFJm1j,F Minor,117,0.138,76,0.709,0.00000297,0.583,0.204,-5.298,"https://i.scdn.co/image/ab67616d0000b273c4fee55d7b51479627c31f89"
"U Sellin Dope (with Future)","[""Lil Double 0"",""Future""]","Walk Down Gang (Deluxe)",2021-09-10,5DaWGsa08pkOeskOtR3hVc,F Major,140,0.0228,52,0.779,0,0.478,0.276,-9.324,"https://i.scdn.co/image/ab67616d0000b273c517b187ae8dd5721e48463f"
"LOVE YOU BETTER","[""Future""]","I NEVER LIKED YOU",2022-04-29,4XJRpBOG0bU3Nxnvam3FnC,F Major,75,0.478,62,0.709,0.000294,0.357,0.214,-9.289,"https://i.scdn.co/image/ab67616d0000b27386badd635b69aea887862214"
"Future","[""Vinicius Ennae""]","Future",2024-02-27,7wuyeVnpHutyFX7YqoEwt1,A Major,139,0.993,59,0.187,0.842,0.00417,0.049,-37.644,"https://i.scdn.co/image/ab67616d0000b273f58523d007ca871e32d87e05"
"Used to This (feat. Drake)","[""Future"",""Drake""]","FUTURE",2017-06-30,78sr3ogs4UzITcCNbXM9cM,E♭ Minor,165,0.0312,52,0.618,0,0.727,0.208,-7.224,"https://i.scdn.co/image/ab67616d0000b273e0b64c8be3c4e804abcb2696"
"The Percocet & Stripper Joint","[""Future""]","DS2 (Deluxe)",2015-07-17,1yCVsVH2hQ72SxNI8QTDaB,C# Major,80,0.754,72,0.625,0.954,0.667,0.131,-5.875,"https://i.scdn.co/image/ab67616d0000b273b2592bea12d840fd096ef965"
"Dum, Dumb, and Dumber (with Young Thug & Future)","[""Lil Baby"",""Young Thug"",""Future""]","WHAM (Extended Version)",2025-01-10,4IKvw1OdeTJIN3g4zWE38f,A♭ Minor,130,0.00527,73,0.794,0,0.755,0.2,-4.705,"https://i.scdn.co/image/ab67616d0000b27326cc3037de434f6c1a62824f"
"READY TO COOK UP","[""Future""]","MIXTAPE PLUTO",2024-09-20,5tUETztMKNT9NDbMUVpxzl,D Major,132,0.0301,53,0.793,0.00625,0.601,0.056,-4.978,"https://i.scdn.co/image/ab67616d0000b27376c5a1960013e9203bcd6cd5"
"TELEKINESIS (feat. SZA & Future)","[""Travis Scott"",""SZA"",""Future""]","UTOPIA",2023-07-28,1i9lZvlaDdWDPyXEE95aiq,F Minor,83,0.575,74,0.458,0,0.535,0.0281,-4.854,"https://i.scdn.co/image/ab67616d0000b273881d8d8378cd01099babcd44"
"SOUTH OF FRANCE","[""Future""]","MIXTAPE PLUTO",2024-09-20,2vXbt6p8MASsy0rGMpgWdG,D Major,141,0.03,53,0.839,0,0.644,0.0803,-7.131,"https://i.scdn.co/image/ab67616d0000b27376c5a1960013e9203bcd6cd5"
"Future Lover","[""Thee Sacred Souls""]","Thee Sacred Souls",2022-08-26,3kedYiw0PflZpyQcDzBLKK,B Major,148,0.088,58,0.607,0.000155,0.468,0.0271,-7.587,"https://i.scdn.co/image/ab67616d0000b2734bc05e5b1e506a6acea17148"
"Lay Up","[""Future""]","Beast Mode",2015-01-15,4iOq2DLxbRuBdrILZwOKoW,G Minor,143,0.513,52,0.794,0.000934,0.597,0.228,-6.552,"https://i.scdn.co/image/ab67616d0000b2738d16f0ab7e487c47bde1c9d5"
"Dear Future Husband","[""Meghan Trainor""]","Title (Deluxe)",2015-01-09,3cU2wBxuV6nFiuf6PJZNlC,C# Major,79,0.375,72,0.655,0,0.782,0.185,-4.789,"https://i.scdn.co/image/ab67616d0000b2733b11178cccd78ec77fc12dbc"
"Private Landing (feat. Justin Bieber & Future)","[""Don Toliver"",""Justin Bieber"",""Future""]","Love Sick",2023-02-24,52NGJPcLUzQq5w7uv4e5gf,C# Minor,137,0.111,73,0.858,0.0000212,0.641,0.0954,-4.31,"https://i.scdn.co/image/ab67616d0000b273feeff698e6090e6b02f21ec0"
"Future Swag","[""Young Thug""]","JEFFERY",2016-08-26,1ckxFDBKrcepE6pDmayXzP,A Major,154,0.0107,45,0.674,0,0.664,0.0906,-6.021,"https://i.scdn.co/image/ab67616d0000b273d0c72291cd96834e199e1ff8"
"PUFFIN ON ZOOTIEZ","[""Future""]","I NEVER LIKED YOU",2022-04-29,1qMMYpVatbRITKCfq1gasi,A♭ Major,125,0.0603,74,0.883,0,0.657,0.305,-5.748,"https://i.scdn.co/image/ab67616d0000b27386badd635b69aea887862214"
"Ain't No Love","[""Future"",""Metro Boomin""]","WE DON'T TRUST YOU",2024-03-22,72qABvaqn3TP6drO2tByA6,A Major,147,0.0842,54,0.754,0.0000859,0.673,0.131,-6.341,"https://i.scdn.co/image/ab67616d0000b273a46b07c291e6dfdee13b3ee8"
"Real Sisters","[""Future""]","DS2 (Deluxe)",2015-07-17,5GhJq5J9ZWIEDZdyw7EWzt,A Minor,160,0.0768,50,0.78,0,0.73,0.0497,-5.423,"https://i.scdn.co/image/ab67616d0000b273b2592bea12d840fd096ef965"
"WORST DAY","[""Future""]","I NEVER LIKED YOU",2022-05-02,5xWFnfdUho54EkKjqBtMLx,C# Major,89,0.0146,54,0.894,0,0.483,0.259,-7.154,"https://i.scdn.co/image/ab67616d0000b2737e83b7d94b668d9ea94fe7ec"
"Rodeo","[""Futurebirds""]","Hotel Parties",2015-09-25,2FMuoG8zdNhyfkCI2ZMgFe,B Major,111,0.0104,43,0.57,0.000351,0.803,0.028,-6.29,"https://i.scdn.co/image/ab67616d0000b273d686c9f166d9f7985256c12a"
"My Love (feat. T.I.)","[""Justin Timberlake"",""T.I.""]","FutureSex/LoveSounds Deluxe Edition",2006-09-13,4NeOWqHmlrGRuBvsLJC9rL,B Minor,120,0.277,75,0.771,0.0000118,0.68,0.224,-5.881,"https://i.scdn.co/image/ab67616d0000b273c68f26a3d34fbd0faed2b473"
"Swear to God (feat. Future)","[""Tee Grizzley"",""Future""]","Swear to God (feat. Future)",2024-05-10,0N3A0tvQ3ppZerKA8Gsztp,C Major,152,0.0797,49,0.777,0,0.793,0.31,-4.42,"https://i.scdn.co/image/ab67616d0000b2738d73a16ab4ca41d732e4f16e"
"My Collection","[""Future""]","HNDRXX",2017-07-27,0526DaOuV7mRlPKxhMSJKw,A♭ Minor,80,0.729,61,0.697,0.00000835,0.459,0.448,-8.498,"https://i.scdn.co/image/ab67616d0000b2737567ec7d3c07783e4f2111e0"
"Future 未来","[""Li Zemin""]","Future 未来",2024-05-10,7l9kf2CXBDtvOMIRB23H5N,C# Major,174,0.992,58,0.305,0.952,0.0131,0.0335,-33.875,"https://i.scdn.co/image/ab67616d0000b273d6169bcf81de2e1f8e44b228"
"Pardon Me (Lil Yachty feat. Future & Mike WiLL Made-It)","[""Lil Yachty"",""Future"",""Mike WiLL Made-It""]","Lil Boat 3",2020-05-29,1sxGIhaxY8eF52e1TlShSP,F# Minor,130,0.0704,69,0.887,0,0.597,0.281,-6.66,"https://i.scdn.co/image/ab67616d0000b2735ee839f6415e0d02fc4f2b49"
"Somebody (feat. Future)","[""A Boogie Wit da Hoodie"",""Future""]","Better Off Alone",2024-05-17,27wHINa0EyMyU55WyiEV9l,G Major,144,0.00341,46,0.679,0,0.625,0.126,-5.836,"https://i.scdn.co/image/ab67616d0000b27341f072721ae129f9547f6b8c"
"Life Is Good (feat. Drake)","[""Future"",""Drake""]","Life Is Good (feat. Drake)",2020-01-10,5yY9lUy8nbvjM1Uyo1Uqoc,D Minor,142,0.0706,68,0.676,0,0.609,0.481,-5.831,"https://i.scdn.co/image/ab67616d0000b2738a01c7b77a34378a62f46402"
"Blinding Lights","[""The Weeknd""]","After Hours",2020-03-20,0VjIjW4GlUZAMYd2vXMi3b,C# Major,171,0.00143,84,0.513,0.0000954,0.73,0.0598,-5.94,""
"Timeless (feat. Playboi Carti)","[""The Weeknd"",""Playboi Carti""]","Timeless",2024-09-27,1Es7AUAhQvapIcoh3qMKDL,B Minor,120,0.0584,87,0.769,0.00000256,0.722,0.0507,-5.485,"https://i.scdn.co/image/ab67616d0000b27394f662ef3b5677376d8a78d4"
"The Hills","[""The Weeknd""]","Beauty Behind The Madness",2015-08-28,7fBv7CLKzipRk6EC6TWHOB,C Minor,113,0.0671,81,0.585,0,0.564,0.0515,-7.063,"https://i.scdn.co/image/ab67616d0000b2737fcead687e99583072cc217b"
"Cry For Me","[""The Weeknd""]","Hurry Up Tomorrow",2025-01-31,3AWDeHLc88XogCaCnZQLVI,G Minor,120,0.0871,86,0.647,0,0.645,0.0303,-6.425,"https://i.scdn.co/image/ab67616d0000b2737e7f1d0bdb2bb5a2afc4fb25"
"One Of The Girls (with JENNIE, Lily Rose Depp)","[""The Weeknd"",""JENNIE"",""Lily-Rose Depp""]","The Idol Episode 4 (Music from the HBO Original Series)",2023-06-23,7CyPwkp0oE8Ro9Dd5CUDjW,A♭ Major,85,0.0393,87,0.264,0.00000231,0.64,0.0442,-6.221,"https://i.scdn.co/image/ab67616d0000b273b0dd6a5cd1dec96c4119c262"
"Save Your Tears","[""The Weeknd""]","After Hours",2020-03-20,5QO79kh1waicV47BqGRL3g,C Major,118,0.0212,81,0.679,0.0000121,0.825,0.0309,-5.487,""
"Low Life (feat. The Weeknd)","[""Future"",""The Weeknd""]","EVOL",2016-04-13,7EiZI6JVHllARrX9PUvAdX,A♭ Major,144,0.337,80,0.722,0.282,0.331,0.0726,-7.789,"https://i.scdn.co/image/ab67616d0000b273626745b3aa04899001a924ad"
"Call Out My Name","[""The Weeknd""]","My Dear Melancholy,",2018-03-30,09mEdoA6zrmBPgTEN5qXmN,C# Major,134,0.165,80,0.461,0,0.593,0.0356,-4.954,"https://i.scdn.co/image/ab67616d0000b2731f6a2a40bb692936879db730"
"Timeless (feat Playboi Carti)","[""The Weeknd"",""Playboi Carti""]","Hurry Up Tomorrow",2025-01-31,0FIDCNYYjNvPVimz5icugS,B Minor,120,0.069,82,0.768,0.00000296,0.775,0.0466,-5.06,"https://i.scdn.co/image/ab67616d0000b2737e7f1d0bdb2bb5a2afc4fb25"
"Without a Warning","[""The Weeknd""]","Hurry Up Tomorrow",2025-01-31,6n6GfXu4i22rdsmRKe2eIn,C# Minor,88,0.161,72,0.269,0.00000428,0.505,0.042,-8.168,"https://i.scdn.co/image/ab67616d0000b2737e7f1d0bdb2bb5a2afc4fb25"
"Earned It (Fifty Shades Of Grey)","[""The Weeknd""]","Beauty Behind The Madness",2015-08-28,4frLb7nWtsz2ymBE6k2GRP,D Minor,120,0.405,69,0.657,0,0.291,0.0348,-8.275,"https://i.scdn.co/image/ab67616d0000b2737fcead687e99583072cc217b"
"Often","[""The Weeknd""]","Beauty Behind The Madness",2015-08-28,4PhsKqMdgMEUSstTDAmMpg,G Minor,134,0.222,75,0.572,0,0.631,0.0476,-9.836,"https://i.scdn.co/image/ab67616d0000b2737fcead687e99583072cc217b"
"Starboy","[""The Weeknd"",""Daft Punk""]","Starboy",2016-11-25,7MXVkk9YMctZqd1Srtv4MB,G Major,186,0.141,84,0.679,0.00000635,0.587,0.276,-7.015,"https://i.scdn.co/image/ab67616d0000b2734718e2b124f79258be7bc452"
"Open Hearts","[""The Weeknd""]","Hurry Up Tomorrow",2025-01-31,0sTBOp1hdayTjw6UOyPyi6,G Minor,124,0.00353,80,0.656,0.000368,0.753,0.122,-5.947,"https://i.scdn.co/image/ab67616d0000b2737e7f1d0bdb2bb5a2afc4fb25"
"Die For You","[""The Weeknd""]","Starboy",2016-11-25,2Ch7LmS7r2Gy2kc64wv3Bz,C# Minor,134,0.111,75,0.586,0,0.525,0.0616,-7.163,"https://i.scdn.co/image/ab67616d0000b2734718e2b124f79258be7bc452"
"Niagara Falls","[""The Weeknd""]","Hurry Up Tomorrow",2025-01-31,2v0AG62ZHtD3I4YmTb3WYM,F# Minor,97,0.0748,78,0.568,0.000179,0.559,0.0347,-6.829,"https://i.scdn.co/image/ab67616d0000b2737e7f1d0bdb2bb5a2afc4fb25"
"Sao Paulo (feat. Anitta)","[""The Weeknd"",""Anitta""]","Hurry Up Tomorrow",2025-01-31,7DY756WOLyOz2Xnhw4EFiC,F Minor,127,0.0385,81,0.538,0.000146,0.658,0.076,-7.273,"https://i.scdn.co/image/ab67616d0000b2737e7f1d0bdb2bb5a2afc4fb25"
"I Can't Wait To Get There","[""The Weeknd""]","Hurry Up Tomorrow",2025-01-31,0bcZ7xN9IcjSNxLerzR2yl,C# Minor,146,0.538,75,0.65,0.00223,0.436,0.048,-10.047,"https://i.scdn.co/image/ab67616d0000b2737e7f1d0bdb2bb5a2afc4fb25"
"Can't Feel My Face","[""The Weeknd""]","Beauty Behind The Madness",2015-08-28,22VdIZQfgXJea34mQxlt81,A Minor,108,0.113,76,0.705,0,0.769,0.0425,-5.526,"https://i.scdn.co/image/ab67616d0000b2737fcead687e99583072cc217b"
"Creepin' (with The Weeknd & 21 Savage)","[""Metro Boomin"",""The Weeknd"",""21 Savage""]","HEROES & VILLAINS",2022-12-02,2dHHgzDwk4BJdRwy9uXhTO,C# Minor,98,0.391,77,0.716,0,0.613,0.0522,-6.018,"https://i.scdn.co/image/ab67616d0000b273c4fee55d7b51479627c31f89"
"Heartless","[""The Weeknd""]","After Hours",2020-03-20,6bnF93Rx87YqUBLSgjiMU8,B♭ Minor,170,0.0236,74,0.537,0.000001,0.746,0.15,-5.507,""
"Drive","[""The Weeknd""]","Hurry Up Tomorrow",2025-01-31,6i5fDaCzwxRrZtuvvcqoIf,C Minor,152,0.174,72,0.581,0.00134,0.558,0.0311,-6.512,"https://i.scdn.co/image/ab67616d0000b2737e7f1d0bdb2bb5a2afc4fb25"
"Baptized In Fear","[""The Weeknd""]","Hurry Up Tomorrow",2025-01-31,5rzI6Jnlhx8DgVgsOLorfW,G Minor,124,0.138,79,0.571,0,0.516,0.0296,-7.567,"https://i.scdn.co/image/ab67616d0000b2737e7f1d0bdb2bb5a2afc4fb25"
"Popular (with Playboi Carti & Madonna) - From The Idol Vol. 1 (Music from the HBO Original Series)","[""The Weeknd"",""Playboi Carti"",""Madonna""]","Popular (Music from the HBO Original Series)",2023-06-02,6WzRpISELf3YglGAh7TXcG,C# Major,99,0.0517,78,0.854,0.0000853,0.674,0.184,-6.23,"https://i.scdn.co/image/ab67616d0000b2734c8f092adc59b4bf4212389d"
"Starboy","[""The Weeknd"",""Daft Punk""]","Starboy",2016-11-24,7HtPBwBoCBDy1tpstag7HL,G Major,186,0.134,54,0.677,0.00000386,0.592,0.281,-7.108,"https://i.scdn.co/image/ab67616d0000b273a048415db06a5b6fa7ec4e1a"
"Wake Me Up (feat. Justice)","[""The Weeknd"",""Justice""]","Hurry Up Tomorrow",2025-01-31,5673WA8EEUSPx1ir26lhGW,C# Major,111,0.00495,78,0.603,0.000397,0.509,0.0337,-8.896,"https://i.scdn.co/image/ab67616d0000b2737e7f1d0bdb2bb5a2afc4fb25"
"Reflections Laughing (feat. Travis Scott, Florence + The Machine)","[""The Weeknd"",""Travis Scott"",""Florence + The Machine""]","Hurry Up Tomorrow",2025-01-31,2gyHr9WqZeMtzJOpWGuGo6,B Minor,80,0.135,79,0.33,0.00726,0.355,0.0355,-9.703,"https://i.scdn.co/image/ab67616d0000b2737e7f1d0bdb2bb5a2afc4fb25"
"Hurry Up Tomorrow","[""The Weeknd""]","Hurry Up Tomorrow",2025-01-31,4TDPlp7OSOjuDU3l7PCM04,F Major,160,0.355,72,0.431,0.000198,0.447,0.0353,-8.875,"https://i.scdn.co/image/ab67616d0000b2737e7f1d0bdb2bb5a2afc4fb25"
"After Hours","[""The Weeknd""]","After Hours",2020-03-20,2p8IUWQDrpjuFltbdgLOag,F Minor,109,0.0811,77,0.658,0.0061,0.572,0.0308,-6.099,""
"Die For You","[""The Weeknd""]","Starboy",2016-11-24,2LBqCSwhJGcFQeTHMVGwy3,C# Minor,134,0.111,81,0.586,0,0.525,0.0615,-7.163,"https://i.scdn.co/image/ab67616d0000b273a048415db06a5b6fa7ec4e1a"
"I Feel It Coming","[""The Weeknd"",""Daft Punk""]","Starboy",2016-11-25,3dhjNA0jGA8vHBQ1VdD6vV,C Minor,93,0.428,72,0.773,0,0.819,0.118,-5.946,"https://i.scdn.co/image/ab67616d0000b2734718e2b124f79258be7bc452"
"Or Nah (feat. The Weeknd, Wiz Khalifa & DJ Mustard) - Remix","[""Ty Dolla $ign"",""The Weeknd"",""Wiz Khalifa"",""Mustard""]","Or Nah (feat. The Weeknd, Wiz Khalifa & DJ Mustard) [Remix]",2014-06-10,7t2bFihaDvhIrd2gn2CWJO,C# Minor,122,0.22,75,0.805,0,0.33,0.1,-8.712,"https://i.scdn.co/image/ab67616d0000b2731c04efd2804b16cf689de7f0"
"Take Me Back To LA","[""The Weeknd""]","Hurry Up Tomorrow",2025-01-31,7rVmzyFA7f4rNGl9onF21E,A♭ Minor,208,0.1,76,0.37,0,0.567,0.0455,-7.518,"https://i.scdn.co/image/ab67616d0000b2737e7f1d0bdb2bb5a2afc4fb25"
"Enjoy The Show (feat. Future)","[""The Weeknd"",""Future""]","Hurry Up Tomorrow",2025-01-31,637oNhilCI9UlkWkUW4Grt,B Major,120,0.178,77,0.628,0.000047,0.616,0.0526,-7.423,"https://i.scdn.co/image/ab67616d0000b2737e7f1d0bdb2bb5a2afc4fb25"
"The Abyss (feat. Lana Del Rey)","[""The Weeknd"",""Lana Del Rey""]","Hurry Up Tomorrow",2025-01-31,5ZDKPFRZC6QlJpf8bCIXTs,C Minor,85,0.231,78,0.192,0.00000369,0.401,0.0325,-8.553,"https://i.scdn.co/image/ab67616d0000b2737e7f1d0bdb2bb5a2afc4fb25"
"Save Your Tears","[""The Weeknd""]","After Hours",2020-03-20,5AG3LHmg3FyVbRESspoPAD,C Major,118,0.0212,50,0.679,0.0000121,0.825,0.0309,-5.487,"https://i.scdn.co/image/ab67616d0000b27381a3bb9348718b9703364c1c"
"Opening Night","[""The Weeknd""]","Hurry Up Tomorrow",2025-01-31,4Msr8L0gHGDsLSBlk7pSPU,E Minor,180,0.0368,75,0.412,0.1,0.645,0.121,-8.49,"https://i.scdn.co/image/ab67616d0000b2737e7f1d0bdb2bb5a2afc4fb25"
"Wicked Games","[""The Weeknd""]","Wicked Games",2012-01-01,249E7AgSyA4vhtXNEjQYb5,A Major,114,0.00984,53,0.659,0.00000327,0.606,0.0313,-5.204,"https://i.scdn.co/image/ab67616d0000b273b2a59ce36f34f9e0957d4eb1"
"Dancing In The Flames","[""The Weeknd""]","Dancing In The Flames",2024-09-13,7z7kvUQGwlC6iOl7vMuAr9,C# Major,117,0.0011,77,0.552,0,0.73,0.0381,-6.203,"https://i.scdn.co/image/ab67616d0000b273f0e9b93cadbeb4d0227a59eb"
"In Your Eyes","[""The Weeknd""]","After Hours",2020-03-20,7szuecWAPwGoV1e5vGu8tl,G Minor,100,0.0028,71,0.667,0.0000792,0.719,0.0346,-5.371,""
"The Party & The After Party","[""The Weeknd""]","House Of Balloons (Original)",2011-03-21,0GROiXm03OrMC5ltXLhGIu,F Minor,102,0.22,73,0.645,0,0.58,0.0406,-9.527,"https://i.scdn.co/image/ab67616d0000b273274b406a7e18acebcf743079"
"I Was Never There","[""The Weeknd"",""Gesaffelstein""]","My Dear Melancholy,",2018-03-30,1cKHdTo9u0ZymJdPGSh6nq,B♭ Major,113,0.14,78,0.323,0.000162,0.737,0.0335,-4.008,"https://i.scdn.co/image/ab67616d0000b2731f6a2a40bb692936879db730"
"Coming Down","[""The Weeknd""]","House Of Balloons (Original)",2011-03-21,3mHO1J6kfiArjBo1zhLFGP,D Minor,121,0.303,74,0.694,0.0000241,0.649,0.0353,-5.262,"https://i.scdn.co/image/ab67616d0000b273274b406a7e18acebcf743079"
"The Morning","[""The Weeknd""]","House Of Balloons (Original)",2011-03-21,4jBfUB4kQJCWOrjGLQqhO0,F# Minor,120,0.143,69,0.682,0.00000446,0.51,0.0441,-9.987,"https://i.scdn.co/image/ab67616d0000b273274b406a7e18acebcf743079"
"Reminder","[""The Weeknd""]","Starboy",2016-11-25,37F0uwRSrdzkBiuj0D5UHI,A♭ Major,160,0.142,77,0.705,0,0.505,0.193,-6.923,"https://i.scdn.co/image/ab67616d0000b2734718e2b124f79258be7bc452"
"Try Me","[""The Weeknd""]","My Dear Melancholy,",2018-03-30,4ppTAJUbNXELZcoUaL90wo,A♭ Minor,92,0.596,64,0.453,0.000578,0.679,0.0651,-5.778,"https://i.scdn.co/image/ab67616d0000b2731f6a2a40bb692936879db730"
"Acquainted","[""The Weeknd""]","Beauty Behind The Madness",2015-08-28,7uJH0YdSZL6psjxI6Xy08b,G Minor,101,0.482,68,0.372,0,0.478,0.0503,-9.835,"https://i.scdn.co/image/ab67616d0000b2737fcead687e99583072cc217b"
"Sacrifice","[""The Weeknd""]","Dawn FM",2022-01-06,1nH2PkJL1XoUq8oE6tBZoU,B Minor,122,0.0296,66,0.735,0.0000318,0.795,0.113,-6.523,"https://i.scdn.co/image/ab67616d0000b2734ab2520c2c77a1d66b9ee21d"
"Lost in the Fire (feat. The Weeknd)","[""Gesaffelstein"",""The Weeknd""]","Hyperion",2019-03-08,2vXKRlJBXyOcvZYTdNeckS,D Major,101,0.0928,78,0.658,0.000919,0.671,0.0364,-12.21,"https://i.scdn.co/image/ab67616d0000b2737842fd51802451ff61483dcf"
"Shameless","[""The Weeknd""]","Beauty Behind The Madness",2015-08-28,6C6fHTuFUxVtJpBOOaMvJr,F# Major,100,0.147,59,0.603,0,0.563,0.027,-8.313,"https://i.scdn.co/image/ab67616d0000b2737fcead687e99583072cc217b"
